<?xml version="1.0" encoding="UTF-8"?>
<!DOCTYPE mapper
PUBLIC "-//mybatis.org//DTD Mapper 3.0//EN"
"http://mybatis.org/dtd/mybatis-3-mapper.dtd">
<mapper namespace="com.example.demo.mapper.StudentMapper" >
  <resultMap id="BaseResultMap" type="com.example.demo.domain.Student" >
    <id column="id" property="id" jdbcType="INTEGER" />
    <result column="number" property="number" jdbcType="INTEGER" />
    <result column="sname" property="sname" jdbcType="VARCHAR" />
    <result column="age" property="age" jdbcType="INTEGER" />
  </resultMap>
    <select id="selectall" parameterType="com.example.demo.domain.Student" resultMap="BaseResultMap">
       SELECT * FROM student 
    </select>
    <insert id="addStudent" parameterType="com.example.demo.domain.Student">
     insert into student(id,number,sname,age)values(#{id},#{number},#{sname},#{age})
    </insert>
    <select id="queryById"  resultType="com.example.demo.domain.Student">
        select * from student where id = #{id}
    </select>
    <update id="updateStudent" parameterType="com.example.demo.domain.Student">
        update student set id=#{id},number=#{number},sname=#{sname},age=#{age} where id = #{id}
    </update>
    <delete id="deleteStudent">
    delete from student where id=#{id}
    </delete>
</mapper>